Date,Open,High,Low,Close,Adj Close,Volume
4/30/2015,24.493999,24.579,24.129999,24.188,23.209225,7300
5/1/2015,24.700001,24.969,24.379999,24.870001,23.863626,182800
5/4/2015,25.1,25.1,24.6,24.66,23.662123,209000
5/5/2015,24.48,24.48,24,24,23.02883,75400
5/6/2015,24.01,24.110001,23.59,23.98,23.00964,36900
5/7/2015,24.1,24.700001,24.09,24.440001,23.451029,100100
5/8/2015,24.74,25,24.74,24.82,23.815649,27800
5/11/2015,25.07,25.200001,24.91,24.969999,23.959578,35300
5/12/2015,25.09,25.09,24.639999,24.639999,23.642935,39200
5/13/2015,24.809999,25.059999,24.507999,24.51,23.518194,26000
5/14/2015,24.75,24.92,24.709999,24.879999,23.87322,34000
5/15/2015,25.09,25.09,24.799999,24.889999,23.882814,47300
5/18/2015,24.950001,25.059999,24.82,24.969999,23.959578,35800
5/19/2015,25.18,25.190001,24.67,24.67,23.671719,67600
5/20/2015,24.629999,24.629999,23.370001,23.370001,22.424326,239000
5/21/2015,23.459999,23.51,23.176001,23.360001,22.414728,113500
5/22/2015,23.42,23.42,23.049999,23.120001,22.184443,56400
5/26/2015,23.16,23.33,22.559999,22.68,21.762247,102100
5/27/2015,23,23.18,22.950001,23.15,22.213226,898800
5/28/2015,23.16,23.18,22.93,23.09,22.155655,239400
5/29/2015,23.120001,23.190001,22.889999,23.1,22.165249,57800
6/1/2015,22.92,23.74,22.92,23.65,22.692993,98900
6/2/2015,23.379999,23.6,23.27,23.440001,22.491489,43700
6/3/2015,23.6,23.620001,23.367001,23.540001,22.587446,45000
6/4/2015,23.52,23.610001,23.110001,23.191,22.252567,21900
6/5/2015,23.08,23.209999,23.030001,23.110001,22.174845,28100
6/8/2015,22.98,23.047001,22.27,22.360001,21.455196,99100
6/9/2015,22.129999,22.24,21.65,22.24,21.340048,110300
6/10/2015,22.24,22.57,22.16,22.43,21.522364,75000
6/11/2015,22.51,22.657,22.34,22.414,21.507008,53500
6/12/2015,22.35,22.709999,22.35,22.65,21.733459,33100
6/15/2015,22.450001,22.540001,22.25,22.389999,21.483978,17600
6/16/2015,22.24,22.450001,22.07,22.27,21.368837,19000
6/17/2015,22.27,22.379999,22,22.34,21.436003,22000
6/18/2015,22.34,22.629999,22.280001,22.549999,21.637503,37000
6/19/2015,22.809999,22.99,22.59,22.780001,21.8582,88400
6/22/2015,23.24,23.42,23.1,23.35,22.405134,245600
6/23/2015,23.469999,23.629999,23.268999,23.379999,22.433918,91800
6/24/2015,23.41,23.41,23.110001,23.17,22.232416,45000
6/25/2015,23.299999,23.4,23.146,23.190001,22.251608,45400
6/26/2015,23.200001,23.23,22.929001,22.959999,22.030912,36300
6/29/2015,22.68,22.805,22.200001,22.26,21.359241,56700
6/30/2015,22.6,22.67,22.389999,22.389999,21.483978,76800
7/1/2015,22.75,22.75,21.656,22.059999,21.167336,126700
7/2/2015,22.190001,22.26,21.954,22.1,21.205717,42700
7/6/2015,22.01,22.360001,22.01,22.26,21.359241,25000
7/7/2015,22.35,22.5,21.9,22.469999,21.560743,27000
7/8/2015,22.27,22.27,21.892,21.996,21.105925,21600
7/9/2015,22.43,22.436001,22.209999,22.290001,21.388029,17800
7/10/2015,22.58,23.139999,22.58,23.1,22.165249,49200
7/13/2015,23.57,23.575001,23.299999,23.389999,22.443516,58200
7/14/2015,23.35,23.388,23,23.34,22.395538,64100
7/15/2015,23.23,23.4,22.872999,23.33,22.385942,41300
7/16/2015,23.5,23.610001,23.362,23.459999,22.510681,33900
7/17/2015,23.41,23.66,23.41,23.58,22.625826,27200
7/20/2015,23.690001,23.690001,23.23,23.23,22.289988,36800
7/21/2015,23.389999,23.549999,23.299999,23.49,22.539467,38300
7/22/2015,23.540001,23.76,23.450001,23.719999,22.760162,69100
7/23/2015,24.35,24.48,23.690001,23.83,22.865709,81900
7/24/2015,24.049999,24.049999,23.17,23.17,22.232416,79700
7/27/2015,23.01,23.219999,22.777,23.07,22.136461,34300
7/28/2015,23.27,23.65,23.110001,23.629999,22.673801,27900
7/29/2015,23.57,23.68,23.299999,23.49,22.539467,32600
7/30/2015,23.530001,23.59,23.32,23.559999,22.606636,29500
7/31/2015,23.530001,23.58,23.459999,23.559999,22.606636,91600
8/3/2015,23.76,24.191999,23.743999,24.129999,23.153572,55600
8/4/2015,24.33,24.540001,24.209999,24.459999,23.470213,104100
8/5/2015,24.51,24.639999,24.434999,24.549999,23.556574,66500
8/6/2015,24.610001,24.889999,24.120001,24.370001,23.38386,79000
8/7/2015,24.190001,24.35,24.040001,24.26,23.278311,33500
8/10/2015,24.41,24.6,24.299999,24.4,23.412647,70600
8/11/2015,24.25,24.82,24.25,24.67,23.671719,59500
8/12/2015,24.290001,24.476,23.639999,24.360001,23.374264,57600
8/13/2015,24.469999,24.77,24.25,24.67,23.671719,49000
8/14/2015,24.469999,24.799999,24.469999,24.77,23.767672,135800
8/17/2015,24.74,25.129999,24.58,25.01,23.997961,183700
8/18/2015,25.129999,25.200001,24.74,24.82,23.815649,292000
8/19/2015,24.780001,24.99,24.59,24.75,23.748482,40100
8/20/2015,24.6,24.6,23.851,24.01,23.038427,46500
8/21/2015,23.6,23.77,23,23,22.069296,79600
8/24/2015,21.32,23.01,15.23,22.34,21.436003,143500
8/25/2015,23.18,23.34,22.07,22.08,21.186523,72100
8/26/2015,22.790001,22.91,21.891001,22.75,21.829412,55700
8/27/2015,23.049999,23.17,22.535,22.959999,22.030912,72200
8/28/2015,22.99,23.07,22.790001,22.860001,21.934961,29400
8/31/2015,22.92,23.190001,22.780001,22.799999,21.877388,227000
9/1/2015,22.41,22.719999,22.370001,22.620001,21.704676,25800
9/2/2015,22.98,23.33,22.9,23.33,22.385942,25500
9/3/2015,23.52,23.6,23.25,23.25,22.309181,9400
9/4/2015,23.01,23.34,22.781,23.24,22.299583,15600
9/8/2015,23.620001,23.809999,23.51,23.73,22.769756,30800
9/9/2015,23.9,24.1,23.67,23.76,22.798546,30000
9/10/2015,23.889999,24.049999,23.75,23.790001,22.82733,21800
9/11/2015,23.879999,24.039,23.809999,23.940001,22.971258,19900
9/14/2015,24.030001,24.077,23.940001,24.040001,23.067213,33500
9/15/2015,24,24.211,24,24.139999,23.163166,15600
9/16/2015,24.139999,24.41,24.07,24.41,23.422239,55900
9/17/2015,24.280001,25.059999,24.280001,24.809999,23.806055,106200
9/18/2015,24.530001,24.68,24.41,24.5,23.508596,39700
9/21/2015,24.58,24.799999,24.4,24.58,23.58536,12400
9/22/2015,24.27,24.33,23.75,23.860001,22.894499,14600
9/23/2015,23.871,23.91,23.75,23.9,22.932877,12700
9/24/2015,23.809999,23.809999,23.389999,23.610001,22.654612,26300
9/25/2015,23.74,23.853001,23.57,23.73,22.769756,5000
9/28/2015,23.059999,23.193001,22.93,23.01,22.078894,37900
9/29/2015,23.02,23.139999,22.799999,22.950001,22.021322,60400
9/30/2015,23.059999,23.327,22.959999,23.209999,22.270798,8400
10/1/2015,23.24,23.41,23.01,23.35,22.405134,5800
10/2/2015,23.16,23.311001,22.75,23.311001,22.367712,27000
10/5/2015,23.389999,23.976999,23.389999,23.959999,22.99045,12800
10/6/2015,23.74,23.885,23.16,23.18,22.242014,34700
10/7/2015,23.08,23.469999,22.92,23.459999,22.510681,51800
10/8/2015,23.389999,23.620001,23.219999,23.57,22.61623,5500
10/9/2015,23.68,24.309999,23.68,24.280001,23.297503,24600
10/12/2015,24.379999,24.9,24.379999,24.9,23.892414,63400
10/13/2015,24.66,24.73,24.419001,24.42,23.431835,27000
10/14/2015,24.610001,24.849001,24.440001,24.540001,23.546982,20000
10/15/2015,24.66,24.92,24.500999,24.84,23.834839,36500
10/16/2015,24.58,24.59,24.32,24.450001,23.460623,23700
10/19/2015,24.459999,24.934999,24.459999,24.870001,23.863626,57300
10/20/2015,24.9,25,24.790001,24.9,23.892414,15600
10/21/2015,24.959999,25.02,24.68,24.719999,23.719694,26500
10/22/2015,25.049999,25.34,24.82,25.281,24.257996,47000
10/23/2015,25.459999,25.66,25.32,25.6,24.564085,33200
10/26/2015,25.620001,26,25.6,25.969999,24.919113,76500
10/27/2015,25.9,25.9,25.41,25.67,24.631256,67500
10/28/2015,25.73,25.73,25.172001,25.43,24.400967,43500
10/29/2015,25.25,25.547001,25.200001,25.43,24.400967,16400
10/30/2015,25.59,25.9,25.559999,25.66,24.621658,84200
11/2/2015,25.76,25.950001,25.76,25.84,24.794376,47000
11/3/2015,25.940001,25.940001,25.700001,25.92,24.871138,47500
11/4/2015,25.969999,25.969999,25.559999,25.73,24.688828,36700
11/5/2015,25.67,25.841,25.606001,25.841,24.795336,35600
11/6/2015,25.76,26.059999,25.76,26.047001,24.992998,51100
11/9/2015,25.950001,25.950001,25.5,25.629999,24.592873,46300
11/10/2015,25.620001,25.620001,25.309999,25.559999,24.525705,16800
11/11/2015,25.610001,25.700001,25.452,25.52,24.487324,13300
11/12/2015,25.280001,25.464001,25.26,25.33,24.305012,74600
11/13/2015,25.299999,25.299999,24.91,25.110001,24.093916,19300
11/16/2015,24.690001,24.950001,24.530001,24.879999,23.87322,97800
11/17/2015,25,25.344,24.860001,24.933001,23.924078,16100
11/18/2015,24.93,25.049999,24.57,24.99,23.978769,40700
11/19/2015,25.129999,25.48,25.129999,25.32,24.295418,19500
11/20/2015,25.370001,25.549,25.370001,25.450001,24.420156,10000
11/23/2015,25.59,25.65,25.4,25.42,24.391371,25000
11/24/2015,25.030001,25.09,24.593,24.870001,23.863626,45500
11/25/2015,24.9,24.962999,24.719999,24.77,23.767672,9700
11/27/2015,24.809999,25.110001,24.809999,24.889999,23.882814,8300
11/30/2015,24.85,25,24.643999,24.66,23.662123,26600
12/1/2015,24.76,25.26,24.76,25.26,24.237846,10200
12/2/2015,25.49,25.75,25.360001,25.5,24.468134,14100
12/3/2015,25.530001,25.700001,25.200001,25.299999,24.276224,8900
12/4/2015,25.783001,26.059999,25.754,25.959999,24.909517,32500
12/7/2015,26.219999,26.723,26.139999,26.41,25.341311,186100
12/8/2015,26.120001,26.120001,25.450001,25.639999,24.602467,49300
12/9/2015,25.57,25.879999,25.1,25.27,24.24744,32300
12/10/2015,25.34,25.9,25.309999,25.67,24.631256,98700
12/11/2015,25.34,25.35,24.690001,24.790001,23.786865,77500
12/14/2015,24.92,24.99,24.35,24.91,23.902006,99900
12/15/2015,25.120001,25.26,25.059999,25.209999,24.189867,21700
12/16/2015,25.389999,25.610001,25,25.52,24.487324,31900
12/17/2015,25.51,25.722,25.120001,25.120001,24.103512,19700
12/18/2015,24.98,25.200001,24.620001,24.700001,23.700506,31200
12/21/2015,24.99,25.190001,24.931999,25.16,24.141891,69000
12/22/2015,25.35,25.370001,25.030001,25.327,24.302134,32500
12/23/2015,25.370001,25.459999,25.23,25.459999,24.42975,25300
12/24/2015,25.4,25.74,25.4,25.52,24.487324,26500
12/28/2015,25.68,25.719999,25.243999,25.455,24.424953,20700
12/29/2015,25.559999,25.639999,25.443001,25.629999,24.634485,40700
12/30/2015,25.65,25.65,25.15,25.174999,24.197157,42300
12/31/2015,25.25,25.25,24.75,24.92,23.952066,52900
1/4/2016,24.469999,24.469999,23.799999,24.09,23.154303,72900
1/5/2016,24.25,24.290001,23.709999,24.058001,23.123547,57300
1/6/2016,23.709999,24.32,23.709999,24.120001,23.183138,47800
1/7/2016,23.799999,23.940001,23.150999,23.309999,22.4046,113500
1/8/2016,23.440001,23.610001,23.01,23.01,22.116251,48300
1/11/2016,23.24,23.299999,22.691999,23.120001,22.221983,44400
1/12/2016,23.309999,23.309999,22.9,23.233999,22.331551,38400
1/13/2016,23.299999,23.32,22.209999,22.35,21.481888,82600
1/14/2016,22.43,22.700001,21.74,22.459999,21.587612,73600
1/15/2016,21.83,22.221001,21.620001,21.969999,21.116648,59400
1/19/2016,22.33,22.34,21.74,22.018999,21.163744,62900
1/20/2016,21.799999,22.299999,21,22.049999,21.193539,47200
1/21/2016,22.16,22.538,21.805,22.42,21.54917,64000
1/22/2016,22.67,22.799999,22.473,22.57,21.69334,25800
1/25/2016,22.639999,22.709999,22.16,22.209999,21.347322,85300
1/26/2016,22.25,22.51,22.16,22.48,21.606836,38300
1/27/2016,22.65,22.846001,22.202999,22.309999,21.443439,19100
1/28/2016,22.52,22.52,21.4,21.709999,20.866743,37400
1/29/2016,21.67,22.4,21.482,22.32,21.453051,29800
2/1/2016,22.34,22.809999,22.280001,22.739,21.85578,20300
2/2/2016,22.68,22.68,21.707001,21.84,20.991697,67300
2/3/2016,22.049999,22.07,21.290001,22.030001,21.174318,21500
2/4/2016,21.85,22.253,21.85,22.23,21.36655,11000
2/5/2016,22.219999,22.24,21.280001,21.379999,20.549562,34200
2/8/2016,21.110001,21.110001,20.538,20.860001,20.049763,41600
2/9/2016,20.48,21.41,20.459999,21.18,20.357334,245200
2/10/2016,21.49,21.75,21.43,21.52,20.684124,16200
2/11/2016,21.18,21.471001,21,21.290001,20.46306,74000
2/12/2016,21.360001,21.761999,21.24,21.700001,20.857136,12000
2/16/2016,22.129999,22.309999,21.77,22.24,21.37616,30700
2/17/2016,22.48,22.950001,22.48,22.9,22.010523,41700
2/18/2016,22.91,23.059999,22.809999,22.969,22.076843,19500
2/19/2016,23.091999,23.309999,23.047001,23.24,22.337318,10200
2/22/2016,23.48,23.83,23.48,23.76,22.837122,41900
2/23/2016,23.700001,23.85,23.530001,23.690001,22.769838,77900
2/24/2016,23.48,24.059999,23.363001,24.02,23.087023,58300
2/25/2016,24.1,24.34,24,24.299999,23.356146,19100
2/26/2016,24.42,24.42,23.969999,24.09,23.154303,56800
2/29/2016,24.07,24.34,23.943001,24.15,23.211973,18100
3/1/2016,24.24,24.65,24.24,24.639999,23.68294,113800
3/2/2016,24.51,24.620001,24.32,24.5,23.54838,22300
3/3/2016,24.540001,24.790001,24.493999,24.700001,23.74061,22900
3/4/2016,24.790001,24.9,24.6,24.719999,23.759832,14100
3/7/2016,24.58,24.799999,24.440001,24.65,23.692551,56000
3/8/2016,24.200001,24.231001,23.870001,24.030001,23.096636,28900
3/9/2016,24.139999,24.42,24.059999,24.27,23.327311,58600
3/10/2016,24.370001,24.370001,23.959999,24.34,23.394594,13300
3/11/2016,24.549999,24.820999,24.5,24.74,23.779055,34400
3/14/2016,24.67,24.879999,24.67,24.85,23.884783,9900
3/15/2016,24.74,24.74,24.559999,24.700001,23.74061,9700
3/16/2016,24.549999,25,24.549999,24.969999,24.000122,19900
3/17/2016,25.030001,25.049999,24.848,24.940001,23.971287,87300
3/18/2016,25,25.461,25,25.42,24.432644,14100
3/21/2016,25.219999,25.65,25.219999,25.58,24.586428,17500
3/22/2016,25.059999,25.49,25.02,25.309999,24.326916,236300
3/23/2016,25.389999,25.459,25,25.25,24.269247,33000
3/24/2016,25.1,25.1,24.648001,24.809999,23.846336,17900
3/28/2016,24.889999,25.120001,24.790001,25.059999,24.086626,11700
3/29/2016,25.07,25.386999,25.041,25.379999,24.394194,26500
3/30/2016,25.629999,25.716,25.549999,25.573,24.5797,15300
3/31/2016,25.59,25.700001,25.360001,25.360001,24.374973,40800
4/1/2016,25.200001,25.200001,24.773001,25.030001,24.057793,58400
4/4/2016,25.290001,25.537001,25.237,25.25,24.269247,33300
4/5/2016,25,25.194,25,25.040001,24.067406,25400
4/6/2016,24.950001,25.027,24.76,24.996,24.025114,24400
4/7/2016,24.82,24.91,24.440001,24.610001,23.654106,21000
4/8/2016,24.719999,24.940001,24.719999,24.809999,23.846336,11700
4/11/2016,25,25.32,24.91,24.91,23.942451,29400
4/12/2016,24.889999,25.103001,24.826,25.059999,24.086626,20900
4/13/2016,25.1,25.614,25.1,25.540001,24.547983,23200
4/14/2016,25.620001,26.049999,25.620001,25.870001,24.865166,31600
4/15/2016,25.969999,25.969999,25.68,25.816,24.813261,15100
4/18/2016,25.790001,25.84,25.607,25.84,24.83633,22000
4/19/2016,25.940001,26.139999,25.870001,26,24.990116,23300
4/20/2016,26.120001,26.120001,25.879999,25.91,24.90361,24000
4/21/2016,25.65,25.65,25.1,25.219999,24.24041,32700
4/22/2016,24.790001,24.815001,24.65,24.73,23.769444,32800
4/25/2016,24.690001,24.868999,24.459999,24.459999,23.50993,25200
4/26/2016,24.57,24.809999,24.16,24.379999,23.433035,39400
4/27/2016,24.33,24.635,24.32,24.360001,23.413816,80600
4/28/2016,24.299999,24.358999,23.921,23.959999,23.02935,13100
4/29/2016,23.879999,23.969999,23.549999,23.690001,22.769838,24700
5/2/2016,23.75,23.98,23.719999,23.790001,22.865955,14300
5/3/2016,23.75,23.76,23.459999,23.639999,22.721781,29700
5/4/2016,23.384001,23.452,22.940001,23.035,22.140282,262800
5/5/2016,23.049999,23.280001,22.99,22.99,22.097027,18200
5/6/2016,22.99,23.110001,22.68,23.059999,22.164309,37800
5/9/2016,23.139999,23.379,23.139999,23.200001,22.298872,40900
5/10/2016,23.25,23.530001,23.25,23.48,22.567995,21400
5/11/2016,23.440001,23.67,23.209999,23.24,22.337318,19900
5/12/2016,23.27,23.299999,22.549999,22.65,21.770237,40500
5/13/2016,22.6,22.92,22.59,22.67,21.789457,30200
5/16/2016,22.76,23.040001,22.681999,22.969999,22.077805,20100
5/17/2016,22.83,23.329,22.83,23.07,22.173922,48200
5/18/2016,22.969999,23.370001,22.969999,23.139999,22.241203,11200
5/19/2016,23.01,23.1,22.540001,22.83,21.943243,32400
5/20/2016,23.07,23.07,22.809999,22.809999,21.924019,5200
5/23/2016,22.870001,22.969999,22.700001,22.76,21.875963,11200
5/24/2016,22.790001,23.1,22.790001,23.040001,22.145088,16700
5/25/2016,23.110001,23.32,23.073999,23.09,22.193144,12100
5/26/2016,23.030001,23.030001,22.725,22.858,21.970156,48900
5/27/2016,22.902,23.030001,22.870001,22.950001,22.058582,12800
5/31/2016,22.98,23.017,22.809999,23,22.10664,40200
6/1/2016,22.9,22.989,22.809,22.940001,22.048971,9100
6/2/2016,22.799999,22.99,22.790001,22.790001,21.904799,27000
6/3/2016,22.67,22.67,22.35,22.549999,21.674118,45800
6/6/2016,22.6,22.65,22.4,22.629999,21.751011,25000
6/7/2016,22.59,23.343,22.59,23.15,22.250814,58800
6/8/2016,23.23,23.441999,23.08,23.219999,22.318094,32800
6/9/2016,23.200001,23.52,23.200001,23.459999,22.548771,18300
6/10/2016,23.146999,23.290001,23.031,23.07,22.173922,11400
6/13/2016,22.92,22.92,22.370001,22.370001,21.501112,28600
6/14/2016,22.290001,22.35,21.57,21.75,20.905193,73700
6/15/2016,21.92,22.049999,21.77,21.77,20.924416,21200
6/16/2016,21.5,21.549999,21.360001,21.469999,20.636066,203800
6/17/2016,21.49,21.639999,21.49,21.540001,20.703352,14400
6/20/2016,21.85,22.120001,21.809999,21.832001,20.984009,27700
6/21/2016,22.059999,22.16,21.93,22.02,21.164705,11200
6/22/2016,22.139999,22.15,21.950001,21.959999,21.107035,11100
6/23/2016,22.190001,22.290001,21.809999,22.09,21.231987,21300
6/24/2016,21,21.190001,20.664,20.67,19.867142,59200
6/27/2016,20.440001,20.440001,19.6,19.85,19.078993,92400
6/28/2016,20.23,20.379999,20.049999,20.379999,19.588406,60500
6/29/2016,20.6,21.030001,20.559999,20.959999,20.145876,42700
6/30/2016,21.040001,21.18,20.84,21.16,20.338108,43200
7/1/2016,21.02,21.49,21.02,21.450001,20.616846,9600
7/5/2016,21.139999,21.219999,20.860001,21.1,20.280437,84700
7/6/2016,20.700001,20.93,20.334999,20.93,20.117043,42200
7/7/2016,20.950001,21.24,20.950001,21.219999,20.395777,11400
7/8/2016,21.32,21.76,21.32,21.66,20.818687,26900
7/11/2016,21.889999,22.1,21.889999,22.030001,21.174318,25400
7/12/2016,22.620001,23.24,22.620001,23.129999,22.23159,152300
7/13/2016,23.110001,23.325001,22.860001,22.9,22.010523,87500
7/14/2016,23.139999,23.549999,23.139999,23.5,22.587219,118500
7/15/2016,23.450001,23.450001,23.200001,23.309999,22.4046,99000
7/18/2016,23.5,23.5,23.235001,23.298,22.393064,15300
7/19/2016,23,23.15,22.950001,23.120001,22.221983,20800
7/20/2016,23.138,23.406,22.950001,23.040001,22.145088,18100
7/21/2016,22.59,22.59,22.1,22.25,21.385771,48500
7/22/2016,22.43,22.67,22.35,22.639999,21.760622,23500
7/25/2016,22.709999,22.709999,22.389999,22.429001,21.557819,12900
7/26/2016,22.639999,22.82,22.575001,22.82,21.933632,57000
7/27/2016,22.82,22.82,22.59,22.65,21.770237,52900
7/28/2016,22.663,22.768999,22.549999,22.76,21.875963,36200
7/29/2016,22.83,22.98,22.530001,22.530001,21.654896,10000
8/1/2016,22.4,22.594,22.271,22.559999,21.683731,13800
8/2/2016,22.43,22.43,21.6,21.632,20.791775,102700
8/3/2016,21.68,21.68,21.52,21.629999,20.789852,40800
8/4/2016,21.82,21.83,21.65,21.791,20.944601,26900
8/5/2016,21.93,22.356001,21.92,22.32,21.453051,70000
8/8/2016,22.34,22.52,22.25,22.26,21.395384,19600
8/9/2016,22.41,22.59,22.299999,22.301001,21.43479,13500
8/10/2016,22.35,22.35,22.035999,22.129999,21.270432,17600
8/11/2016,22.129999,22.406,22.129999,22.34,21.472277,32900
8/12/2016,22.24,22.341999,22.198,22.243,21.379044,34400
8/15/2016,22.48,22.577999,22.24,22.514999,21.640478,64300
8/16/2016,22.417,22.59,22.417,22.566,21.689497,30100
8/17/2016,22.48,22.618999,22.450001,22.6,21.722176,14400
8/18/2016,22.469999,22.59,22.431,22.555,21.678926,21500
8/19/2016,22.360001,22.540001,22.360001,22.41,21.539555,12800
8/22/2016,22.57,22.57,22.207001,22.290001,21.424219,24700
8/23/2016,22.440001,22.59,22.440001,22.450001,21.578005,26600
8/24/2016,22.4,22.59,22.4,22.475,21.602032,9800
8/25/2016,22.469999,22.48,22.440001,22.459999,21.587612,112700
8/26/2016,22.4,22.48,22.1,22.200001,21.337713,28200
8/29/2016,22.216999,22.299999,22.216999,22.24,21.37616,18800
8/30/2016,22.219999,22.84,22.219999,22.707001,21.82502,24600
8/31/2016,22.74,22.74,22.271,22.540001,21.664511,19700
9/1/2016,22.690001,22.780001,22.405001,22.481001,21.6078,32000
9/2/2016,22.5,22.809999,22.5,22.75,21.866352,21000
9/6/2016,22.700001,22.93,22.700001,22.93,22.039362,23300
9/7/2016,23,23.799999,23,23.67,22.750616,67200
9/8/2016,23.68,23.77,23.59,23.76,22.837122,32100
9/9/2016,23.632,23.632,23.09,23.174999,22.274843,15700
9/12/2016,22.93,23.35,22.649,23.35,22.443045,21800
9/13/2016,23.32,23.32,22.82,22.898001,22.008602,69200
9/14/2016,22.879999,22.879999,22.495001,22.528,21.652975,11600
9/15/2016,22.639999,22.768999,22.41,22.719,21.836555,20200
9/16/2016,22.51,22.52,22.290001,22.290001,21.424219,47200
9/19/2016,22.35,22.549999,22.35,22.4,21.529945,7900
9/20/2016,22.559999,22.559999,22.280001,22.360001,21.491499,12300
9/21/2016,22.440001,22.440001,22.07,22.379999,21.510721,13600
9/22/2016,22.549999,22.85,22.459999,22.57,21.69334,18300
9/23/2016,22.610001,22.67,22.4,22.65,21.770237,5300
9/26/2016,22.49,22.51,22.240999,22.309999,21.443439,25300
9/27/2016,22.76,22.85,22.601,22.85,21.962465,17400
9/28/2016,22.82,23.209999,22.82,22.857,21.969194,19400
9/29/2016,22.780001,22.940001,22.74,22.809999,21.924019,13000
9/30/2016,22.77,23.129999,22.77,23.02,22.125864,19000
10/3/2016,22.860001,23.41,22.860001,23.41,22.500715,22300
10/4/2016,23.6,23.76,23.35,23.379999,22.471878,36300
10/5/2016,23.416,23.535999,23.416,23.5,22.587219,11000
10/6/2016,23.440001,23.459999,23.23,23.447001,22.53628,79800
10/7/2016,23.4,23.4,22.959999,23.09,22.193144,21800
10/10/2016,23.09,23.52,23.09,23.469999,22.558384,21300
10/11/2016,23.549999,23.66,23.15,23.219999,22.318094,9500
10/12/2016,23.200001,23.32,23.110001,23.190001,22.289261,5400
10/13/2016,22.93,23.73,22.799999,23.629999,22.712168,56600
10/14/2016,23.719999,23.913,23.490999,23.568001,22.652576,13300
10/17/2016,23.799999,23.799999,23.459999,23.459999,22.548771,17200
10/18/2016,23.799999,23.99,23.636999,23.76,22.837122,32200
10/19/2016,23.860001,24.17,23.860001,24.17,23.231195,12900
10/20/2016,24.25,24.440001,24.129999,24.440001,23.490707,25100
10/21/2016,24.299999,24.32,24.16,24.25,23.308088,26400
10/24/2016,24.290001,24.549999,24.200001,24.25,23.308088,17500
10/25/2016,24.1,24.299999,24.1,24.15,23.211973,33700
10/26/2016,23.629999,24.209999,23.370001,23.77,22.846731,69700
10/27/2016,23.77,23.815001,23.48,23.813999,22.889023,23700
10/28/2016,23.82,23.98,23.695,23.790001,22.865955,9500
10/31/2016,23.870001,24,23.73,24,23.067799,14700
11/1/2016,24.08,24.08,23.74,23.860001,22.933237,19800
11/2/2016,23.799999,23.997999,23.77,23.855,22.928431,7000
11/3/2016,23.870001,24.059999,23.75,23.75,22.827509,10900
11/4/2016,23.773001,24.129999,23.733999,23.959,23.028391,20000
11/7/2016,24.280001,24.655001,24.25,24.58,23.625269,32800
11/8/2016,24.65,24.917,24.49,24.84,23.875172,25900
11/9/2016,24.59,25.219999,24.568001,25.16,24.182741,56300
11/10/2016,25.200001,25.6,25.200001,25.375,24.389389,40600
11/11/2016,25.58,25.6,25.219999,25.58,24.586428,24200
11/14/2016,25.52,26.097,25.52,26.09,25.076622,70800
11/15/2016,26.84,26.870001,26.26,26.58,25.547586,130500
11/16/2016,26.59,26.59,26.299999,26.358,25.334209,131600
11/17/2016,26.299999,26.91,26.299999,26.898001,25.853235,65800
11/18/2016,27.07,27.1,26.799999,27.1,26.04739,79000
11/21/2016,27.26,27.26,27,27.17,26.114672,100500
11/22/2016,27.24,27.41,27.214001,27.280001,26.220398,84300
11/23/2016,27.34,27.459999,27.02,27.459999,26.393404,41000
11/25/2016,27.469999,27.49,27.32,27.437,26.3713,13400
11/28/2016,27.450001,27.459999,27.09,27.27,26.210787,92200
11/29/2016,27.18,27.52,27.18,27.42,26.354959,27900
11/30/2016,27,27.280001,26.799999,27.110001,26.057001,87900
12/1/2016,26.879999,27.42,26.77,27.030001,25.98011,41100
12/2/2016,27.1,27.5,27.1,27.33,26.268454,19300
12/5/2016,27.5,27.540001,27.040001,27.08,26.028166,21800
12/6/2016,27.290001,27.68,27.275999,27.639999,26.566414,121900
12/7/2016,27.75,28.5,27.649,28.41,27.306507,128400
12/8/2016,28.530001,28.629999,28.195,28.469999,27.364176,62900
12/9/2016,28.74,29.139999,28.67,28.860001,27.739029,66600
12/12/2016,28.700001,28.700001,28.091,28.15,27.056606,85000
12/13/2016,28.17,28.6,28.17,28.27,27.171946,36200
12/14/2016,28.110001,28.57,28.110001,28.120001,27.027771,23400
12/15/2016,28.450001,29.076,28.395,28.66,27.546795,94200
12/16/2016,28.860001,28.98,28.459999,28.49,27.383398,87900
12/19/2016,28.4,28.709999,28.4,28.67,27.55641,22700
12/20/2016,28.719999,28.996,28.719999,28.99,27.863977,22300
12/21/2016,29.030001,29.1,28.9,28.99,27.863977,35900
12/22/2016,28.9,28.92,28.5,28.610001,27.498737,50000
12/23/2016,28.74,28.74,28.610001,28.719999,27.604464,36800
12/27/2016,28.84,28.84,28.631001,28.75,27.633301,14800
12/28/2016,28.459999,28.569,28.129999,28.153999,27.212841,33000
12/29/2016,28.23,28.285999,28.030001,28.113001,27.173212,18300
12/30/2016,28.15,28.174999,27.841,27.870001,26.938335,37400
1/3/2017,28.26,28.290001,27.871,27.92,26.986664,27100
1/4/2017,27.99,28.440001,27.99,28.379999,27.431286,26300
1/5/2017,28.4,28.440001,28,28.110001,27.170311,42000
1/6/2017,28,28.129999,27.691,27.945,27.010828,169800
1/9/2017,27.76,28.129999,27.76,27.969999,27.034992,25300
1/10/2017,28.287001,28.65,28.23,28.57,27.614933,54500
1/11/2017,28.59,28.870001,28.51,28.746,27.785051,22900
1/12/2017,28.84,28.84,28.129999,28.5,27.547276,23300
1/13/2017,28.593,28.66,28.525,28.525,27.57144,8300
1/17/2017,28.5,28.67,28.290001,28.34,27.392624,32400
1/18/2017,28.24,28.389999,28.164,28.355,27.407124,17700
1/19/2017,28.469999,28.52,28.129999,28.24,27.295965,8800
1/20/2017,28.434999,28.58,28.353001,28.559999,27.605268,12200
1/23/2017,28.531,28.531,28.049999,28.107,27.167412,24200
1/24/2017,28.030001,28.323999,28.030001,28.290001,27.344297,84600
1/25/2017,28.360001,28.559999,28.334999,28.42,27.46995,10400
1/26/2017,28.49,29.129999,28.49,28.99,28.020895,59000
1/27/2017,29.17,29.190001,28.309999,28.379999,27.431286,95900
1/30/2017,28.049999,28.049999,27.469999,27.790001,26.86101,78700
1/31/2017,27.76,27.76,27.41,27.620001,26.696692,43200
2/1/2017,27.76,27.959999,27.629999,27.75,26.822346,24000
2/2/2017,27.68,27.847,27.52,27.709999,26.783682,33400
2/3/2017,27.83,27.870001,27.620001,27.83,26.899672,21400
2/6/2017,27.85,28.114,27.85,27.940001,27.005995,28500
2/7/2017,28.059999,28.110001,27.709999,27.709999,26.783682,22900
2/8/2017,27.76,27.834999,27.691999,27.82,26.890005,14400
2/9/2017,27.809999,28.459999,27.809999,28.389999,27.44095,93200
2/10/2017,28.41,28.49,28.332001,28.41,27.460283,16800
2/13/2017,28.58,28.966,28.58,28.860001,27.895241,43900
2/14/2017,28.83,28.83,28.48,28.629999,27.672928,15200
2/15/2017,29.16,29.396,28.9,29.209999,28.23354,184100
2/16/2017,29.389999,29.389999,29.01,29.129999,28.156214,76300
2/17/2017,29.059999,29.159,28.861,29.155001,28.18038,38900
2/21/2017,29.24,29.299999,29.049999,29.209999,28.23354,79500
2/22/2017,29.15,29.190001,29,29.17,28.194878,35100
2/23/2017,29.23,29.4,28.959999,29,28.03056,32900
2/24/2017,28.940001,29.094,28.76,29.049999,28.078888,17300
2/27/2017,29.18,29.200001,28.879999,29.17,28.194878,75500
2/28/2017,29.190001,29.190001,28.98,29.040001,28.069225,79100
3/1/2017,29.200001,29.77,29.200001,29.610001,28.620171,87400
3/2/2017,29.379999,29.379999,28.915001,28.93,27.9629,43500
3/3/2017,28.85,29.375,28.85,29.32,28.339863,72500
3/6/2017,29.23,29.23,28.57,28.85,27.885574,133900
3/7/2017,28.790001,28.790001,28.389999,28.424999,27.474779,64000
3/8/2017,28.450001,28.525,28.33,28.459999,27.508612,179200
3/9/2017,28.530001,28.68,28.200001,28.25,27.305632,18600
3/10/2017,28.245001,28.450001,28.15,28.450001,27.498945,66900
3/13/2017,28.440001,28.6,28.07,28.07,27.131649,39800
3/14/2017,28,28,27.4,27.43,26.513044,78800
3/15/2017,27.299999,28.1,27.184999,28,27.063988,180200
3/16/2017,28.040001,28.139999,27.82,28,27.063988,45100
3/17/2017,28.1,28.1,27.92,27.941999,27.007927,38500
3/20/2017,28.059999,28.129999,27.9,27.950001,27.015661,39200
3/21/2017,28.129999,28.129999,27.27,27.299999,26.387388,82500
3/22/2017,27.200001,27.469999,26.972,27.450001,26.532375,52400
3/23/2017,27.450001,27.868999,27.450001,27.76,26.832012,34700
3/24/2017,27.85,27.969999,27.73,27.83,26.899672,28700
3/27/2017,27.620001,27.93,27.4,27.889999,26.957666,83600
3/28/2017,27.959999,28.35,27.816,28.25,27.305632,90000
3/29/2017,28.24,28.24,27.877001,27.98,27.044659,32000
3/30/2017,27.959999,28.159,27.959999,28.065001,27.126818,19000
3/31/2017,28.1,28.1,27.99,28.030001,27.092987,25400
4/3/2017,27.959999,28.09,27.709999,28.09,27.150982,39900
4/4/2017,28,28,27.57,27.59,26.667696,39500
4/5/2017,27.65,27.989,27.58,27.625,26.701525,114300
4/6/2017,27.76,27.815001,27.5,27.690001,26.764353,11900
4/7/2017,27.719999,27.83,27.542,27.799999,26.870674,9500
4/10/2017,27.82,28.018,27.790001,27.893,26.960566,38100
4/11/2017,27.690001,28.17,27.646,28.17,27.228308,13600
4/12/2017,28.299999,28.67,28.065001,28.065001,27.126818,11900
4/13/2017,28.07,28.07,27.719999,27.719999,26.79335,20300
4/17/2017,27.92,28.02,27.799999,28.02,27.083321,23100
4/18/2017,28.110001,28.190001,27.77,27.969999,27.034992,8700
4/19/2017,28.040001,28.43,28.040001,28.309999,27.363625,21200
4/20/2017,28.51,28.719999,28.360001,28.629999,27.672928,27600
4/21/2017,28.74,29,28.620001,28.68,27.721256,7500
4/24/2017,29.049999,29.285,28.780001,29.25,28.272202,71400
4/25/2017,29.370001,29.575001,29.25,29.35,28.36886,53500
4/26/2017,29.25,29.309999,29.09,29.120001,28.146549,48600
4/27/2017,28.719999,28.719999,28.299999,28.629999,27.672928,54500
4/28/2017,28.700001,28.809999,28.561001,28.610001,27.653599,8900
5/1/2017,28.757,28.757,28.51,28.530001,27.576273,25400
5/2/2017,28.549999,29.333,28.549999,29.33,28.349529,72800
5/3/2017,29.23,29.389999,29.129999,29.34,28.359194,34300
5/4/2017,29.43,29.43,29.18,29.360001,28.378529,23900
5/5/2017,29.49,29.620001,29.385,29.620001,28.629835,14400
5/8/2017,29.68,29.74,29.422001,29.51,28.52351,23700
5/9/2017,29.639999,30.129999,29.639999,30.049999,29.04546,122800
5/10/2017,30.1,30.26,29.98,30.08,29.074455,61600
5/11/2017,30.07,30.096001,29.639999,29.99,28.987467,19800
5/12/2017,29.969999,29.969999,29.719999,29.76,28.765154,12600
5/15/2017,29.75,30.17,29.75,30.030001,29.026129,46700
5/16/2017,30.139999,30.209999,29.889999,30.209999,29.200109,39200
5/17/2017,30.02,30.02,29.280001,29.34,28.359194,82900
5/18/2017,29.200001,29.531,29.186001,29.290001,28.310867,20900
5/19/2017,29.5,29.809999,29.5,29.75,28.755487,18000
5/22/2017,29.84,30.013,29.84,29.945,28.943968,10300
5/23/2017,30.040001,30.18,29.940001,30.129999,29.122784,14700
5/24/2017,30.209999,30.372,30.16,30.24,29.229109,17700
5/25/2017,30.389999,30.959999,30.389999,30.940001,29.905708,54800
5/26/2017,30.92,31.07,30.915001,30.959999,29.925039,43700
5/30/2017,30.959999,30.959999,30.5,30.530001,29.509415,20700
5/31/2017,30.58,30.698999,30.370001,30.649,29.624435,17800
6/1/2017,30.75,31.004999,30.75,30.98,29.94437,469000
6/2/2017,31.15,31.566,31.15,31.33,30.282671,76500
6/5/2017,31.34,31.450001,31.23,31.35,30.302002,36500
6/6/2017,31.309999,31.49,31.25,31.27,30.224676,52400
6/7/2017,31.25,31.73,31.108999,31.65,30.591972,496200
6/8/2017,31.65,31.77,31.5,31.639999,30.582306,24700
6/9/2017,31.639999,31.809999,31.35,31.469999,30.41799,70800
6/12/2017,31.389999,31.389999,30.790001,31.209999,30.166681,85200
6/13/2017,31.33,31.440001,31.084999,31.299999,30.253674,15400
6/14/2017,31.379999,31.41,31.07,31.26,30.21501,46300
6/15/2017,30.969999,31.059999,30.700001,31.049999,30.012032,14400
6/16/2017,31.049999,31.15,30.940001,31.030001,29.992699,38500
6/19/2017,31.209999,31.52,31.190001,31.52,30.466318,24000
6/20/2017,31.48,31.48,31,31,29.963703,49400
6/21/2017,31.030001,31.25,31.030001,31.209999,30.166681,14700
6/22/2017,31.52,31.610001,31.174,31.290001,30.244009,77000
6/23/2017,31.290001,31.379999,31.187,31.27,30.224676,31900
6/26/2017,31.469999,31.75,31.290001,31.299999,30.253674,92000
6/27/2017,31.33,31.49,31.190001,31.24,30.195679,16500
6/28/2017,31.440001,31.690001,31.407,31.469999,30.41799,35500
6/29/2017,31.51,31.639999,31.174999,31.41,30.359997,448100
6/30/2017,31.490999,31.690001,31.450001,31.52,30.466318,29600
7/3/2017,31.639999,31.870001,31.6,31.66,30.601639,30700
7/5/2017,31.58,31.9,31.466999,31.82,30.756292,25000
7/6/2017,31.790001,32.189999,31.65,31.93,30.862614,45000
7/7/2017,32.049999,32.580002,32.049999,32.57,31.481218,64400
7/10/2017,32.509998,32.540001,32.299999,32.369999,31.287905,38800
7/11/2017,32.360001,32.450001,32.060001,32.09,31.017263,59600
7/12/2017,32.419998,32.759998,32.330002,32.720001,31.626205,130500
7/13/2017,32.52,32.830002,32.423,32.59,31.500551,64400
7/14/2017,32.59,32.700001,32.450001,32.630001,31.539215,36900
7/17/2017,32.669998,32.790001,32.5,32.66,31.568209,39400
7/18/2017,32.599998,32.599998,32.299999,32.389999,31.307234,40900
7/19/2017,32.099998,32.290001,32.009998,32.16,31.084925,74300
7/20/2017,32.02,32.02,31.629999,31.629999,30.572641,151600
7/21/2017,31.540001,31.540001,31.32,31.42,30.369663,42800
7/24/2017,31.35,31.415001,31.09,31.139999,30.099022,52000
7/25/2017,31.26,31.319,30.865,30.865,29.833216,79300
7/26/2017,30.93,31,30.6,30.99,29.954037,85600
7/27/2017,30.610001,30.610001,29.9,30.16,29.151783,697100
7/28/2017,30.1,30.32,30.01,30.299999,29.287104,32100
7/31/2017,30.379999,30.379999,29.99,30,28.997129,64200
8/1/2017,30.23,30.459999,30.18,30.299999,29.287104,40900
8/2/2017,30.27,30.4,30.01,30.200001,29.190445,32600
8/3/2017,30.23,30.409,30.190001,30.27,29.258106,14500
8/4/2017,30.450001,30.57,30.327,30.57,29.548075,27300
8/7/2017,30.66,30.67,30.43,30.43,29.412758,31500
8/8/2017,30.43,30.487,30.200001,30.204,29.194311,25000
8/9/2017,30.15,30.17,29.964001,30.01,29.006796,20000
8/10/2017,29.889999,29.915001,29.535,29.58,28.591171,97100
8/11/2017,29.530001,29.676001,29.290001,29.645,28.653999,20200
8/14/2017,29.83,30.087,29.83,30,28.997129,33300
8/15/2017,30.049999,30.073,29.969999,30,28.997129,31600
8/16/2017,30.059999,30.23,30.02,30.02,29.016464,18300
8/17/2017,29.969999,30,28.969999,29.02,28.049891,46600
8/18/2017,29.02,29.105,28.879999,28.944,27.976431,23500
8/21/2017,28.98,29.129999,28.92,29.110001,28.136885,56000
8/22/2017,29.25,29.25,28.940001,28.98,28.011229,41200
8/23/2017,28.870001,28.870001,28.42,28.440001,27.489281,39200
8/24/2017,28.48,28.509001,28,28.059999,27.121983,56900
8/25/2017,28.139999,28.950001,28.139999,28.85,27.885574,47000
8/28/2017,28.799999,28.799999,28.610001,28.620001,27.663263,22100
8/29/2017,28.34,28.620001,28.295,28.57,27.614933,35000
8/30/2017,28.59,28.59,28.337999,28.514999,27.561773,19600
8/31/2017,28.620001,28.77,28.620001,28.690001,27.730923,25000
9/1/2017,28.77,28.964001,28.719999,28.889999,27.924236,33500
9/5/2017,28.82,28.82,28.25,28.25,27.305632,50200
9/6/2017,28.139999,28.52,27.690001,28.440001,27.489281,36000
9/7/2017,28.49,28.49,28.290001,28.33,27.382959,57000
9/8/2017,28.379999,28.49,28.24,28.424999,27.474779,31100
9/11/2017,28.620001,29.17,28.620001,29.104,28.131084,78600
9/12/2017,29.129999,29.360001,29.097,29.360001,28.378529,37000
9/13/2017,29.34,29.552,29.318001,29.482,28.496447,27500
9/14/2017,29.450001,29.51,29.34,29.370001,28.388191,41600
9/15/2017,29.16,29.312,29.09,29.200001,28.223875,114400
9/18/2017,29.219999,29.316999,28.940001,28.940001,27.972565,38000
9/19/2017,29.02,29.139999,28.809999,28.85,27.885574,18600
9/20/2017,28.860001,29.24,28.809999,29.15,28.175547,21700
9/21/2017,29.1,29.309999,28.889999,29.280001,28.301201,18200
9/22/2017,29.299999,29.5,29.280001,29.4,28.417189,40300
9/25/2017,29.34,29.559,29.219999,29.41,28.426855,17800
9/26/2017,29.49,29.562,29.415001,29.540001,28.552509,41100
9/27/2017,29.549999,29.790001,29.483999,29.58,28.591171,42400
9/28/2017,29.540001,29.809999,29.530001,29.6,28.610502,394700
9/29/2017,29.629999,29.739,29.605,29.638,28.647234,26400
10/2/2017,29.75,29.754999,29.559999,29.719999,28.72649,25500
10/3/2017,29.709999,30.972,29.709999,30.940001,29.905708,119000
10/4/2017,31.01,31.25,30.9,30.91,29.876711,98600
10/5/2017,30.93,30.950001,30.771999,30.91,29.876711,38200
10/6/2017,30.709999,31.145,30.690001,31.049999,30.012032,43100
10/9/2017,31.01,31.01,30.634001,30.780001,29.751057,55100
10/10/2017,31.290001,31.639999,31.280001,31.34,30.292337,49500
10/11/2017,31.49,31.67,31.377001,31.48,30.427656,75900
10/12/2017,31.469999,31.469999,31.329,31.41,30.359997,19800
10/13/2017,31.51,31.559999,31.370001,31.516001,30.462452,39800
10/16/2017,31.530001,31.530001,31.159,31.33,30.282671,26300
10/17/2017,31.389999,31.606001,31.325001,31.379999,30.330999,30000
10/18/2017,31.41,31.48,31.379999,31.459999,30.408323,22900
10/19/2017,31.15,31.15,30.301001,30.68,29.654402,102800
10/20/2017,30.83,31.09,30.83,30.98,29.94437,15400
10/23/2017,31.02,31.02,30.5,30.540001,29.519079,47600
10/24/2017,30.52,30.85,30.35,30.76,29.731726,80900
10/25/2017,30.77,30.77,30.1,30.16,29.151783,35500
10/26/2017,30.450001,30.85,29.690001,29.719999,28.72649,65900
10/27/2017,29.950001,29.950001,29.379999,29.530001,28.542845,81200
10/30/2017,29.950001,29.950001,29.42,29.459999,28.475182,51600
10/31/2017,29.5,29.636999,29.360001,29.41,28.426855,25300
11/1/2017,29.6,29.719999,29.43,29.555,28.567009,39300
11/2/2017,29.49,29.513,29.219999,29.389999,28.407522,42100
11/3/2017,29.280001,29.469999,29.150999,29.379999,28.397856,63300
11/6/2017,29.379999,29.719,29.379999,29.57,28.581505,12700
11/7/2017,29.52,29.52,29.045,29.059999,28.088552,58800
11/8/2017,29,29.129999,28.959999,29.02,28.049891,24600
11/9/2017,28.83,28.969999,28.67,28.790001,27.827581,29800
11/10/2017,28.75,28.99,28.75,28.969999,28.001562,15000
11/13/2017,28.76,28.93,28.6,28.74,27.779251,51300
11/14/2017,28.610001,28.92,28.610001,28.85,27.885574,24400
11/15/2017,28.76,29.27,28.715,29.24,28.262539,47700
11/16/2017,29.5,29.870001,29.5,29.799999,28.803816,26400
11/17/2017,29.67,29.67,29.482,29.57,28.581505,59600
11/20/2017,29.57,29.709999,29.441,29.65,28.658831,45900
11/21/2017,29.83,30.18,29.82,30.18,29.171116,42100
11/22/2017,30.209999,30.32,30.077,30.200001,29.190445,15900
11/24/2017,30.209999,30.209999,30.08,30.15,29.142117,5000
11/27/2017,30.17,30.17,29.93,30.02,29.016464,23500
11/28/2017,30.059999,30.57,30.01,30.49,29.470751,43700
11/29/2017,30.58,31.48,30.58,31.290001,30.244009,90300
11/30/2017,31.440001,32.029999,31.312,31.870001,30.804621,94500
12/1/2017,31.860001,31.951,31.131001,31.4,30.350328,36300
12/4/2017,31.93,32.389999,31.799999,31.98,30.910942,48300
12/5/2017,32.021,32.021,31.58,31.58,30.524313,42500
12/6/2017,31.5,31.639,31.441999,31.450001,30.398661,14000
12/7/2017,31.440001,32.029999,31.440001,32.029999,30.959269,15300
12/8/2017,32.310001,32.424999,32.188,32.189999,31.113922,24000
12/11/2017,32.23,32.376999,32.119999,32.240002,31.162252,18700
12/12/2017,32.240002,32.299999,32,32,30.930275,9000
12/13/2017,32.09,32.110001,31.9,31.98,30.910942,27200
12/14/2017,32.119999,32.330002,32,32.080002,31.007601,16500
12/15/2017,32.169998,32.540001,32.169998,32.41,31.326565,34400
12/18/2017,32.639999,32.799999,32.560001,32.784,31.688065,18800
12/19/2017,32.766998,32.900002,32.580002,32.720001,31.626205,11800
12/20/2017,32.860001,33.07,32.77,32.98,31.877514,13400
12/21/2017,33.16,33.549999,33.099998,33.32,32.206146,33300
12/22/2017,33.349998,33.349998,33.220001,33.27,32.157822,10300
12/26/2017,33.310001,33.488998,33.299999,33.382999,32.267044,14700
12/27/2017,33.349998,33.349998,33.07,33.200001,32.09016,424200
12/28/2017,32.712002,32.73,32.598999,32.73,32.13139,7200
12/29/2017,32.799999,32.84,32.560001,32.560001,31.964502,50600
1/2/2018,32.779999,33.09,32.755001,33.049999,32.445538,76800
1/3/2018,33.049999,33.200001,32.529999,32.651001,32.053837,57400
1/4/2018,32.75,32.75,32.470001,32.700001,32.10194,35700
1/5/2018,32.830002,32.830002,32.57,32.73,32.13139,16800
1/8/2018,32.740002,32.740002,32.41,32.470001,31.876146,56100
1/9/2018,32.490002,32.620998,32.25,32.25,31.660172,27600
1/10/2018,32.290001,32.970001,32.290001,32.91,32.308102,39100
1/11/2018,33.200001,34.279999,33.18,34.07,33.446884,158300
1/12/2018,34.169998,34.740002,34.150002,34.66,34.026089,117100
1/16/2018,34.73,34.75,34.035,34.25,33.623592,55500
1/17/2018,34.389999,34.540001,34.27,34.299999,33.672676,27000
1/18/2018,34.299999,34.470001,34.099998,34.18,33.554874,12300
1/19/2018,34.145,34.25,34.07,34.18,33.554874,19600
1/22/2018,34.169998,34.240002,33.991001,34.240002,33.613773,21000
1/23/2018,34.169998,34.450001,34.035,34.439999,33.810116,30100
1/24/2018,33.299999,33.299999,32.700001,33,32.39645,147300
1/25/2018,33.02,33.029999,32.09,32.240002,31.650354,120800
1/26/2018,32.330002,32.560001,32.237,32.560001,31.964502,99300
1/29/2018,32.450001,32.66,32.450001,32.529999,31.935047,76400
1/30/2018,32.349998,32.639,32.349998,32.57,31.974316,37200
1/31/2018,32.73,33.240002,32.639999,32.93,32.327732,27000
2/1/2018,32.66,33.056999,32.66,32.900002,32.298283,20800
2/2/2018,32.66,32.91,32,32.02,31.434376,47100
2/5/2018,31.719999,32.006001,30.77,30.93,30.364311,63000
2/6/2018,30.309999,31.5,30.15,31.41,30.835533,79100
2/7/2018,31.389999,31.940001,31.389999,31.700001,31.12023,58600
2/8/2018,31.620001,31.620001,30.5,30.5,29.942175,218700
2/9/2018,30.780001,30.799999,29.49,30.469999,29.912724,54100
2/12/2018,30.913,31.459999,30.700001,31.139999,30.570471,11300
2/13/2018,31.08,31.35,31.08,31.35,30.77663,5300
2/14/2018,31.24,31.743,31.24,31.65,31.071142,16800
2/15/2018,31.889999,32.080002,31.719999,32.040001,31.454012,29700
2/16/2018,32.009998,32.25,31.93,32,31.414742,22500
2/20/2018,31.82,32.09,31.799999,31.799999,31.218399,6800
2/21/2018,31.85,32.740002,31.85,32.169998,31.581631,44700
2/22/2018,32.27,32.389999,32.029999,32.029999,31.444193,14900
2/23/2018,32.209999,32.380001,32.095001,32.310001,31.719072,16500
2/26/2018,32.490002,33.139999,32.490002,33.139999,32.533894,39500
2/27/2018,33.220001,33.240002,32.5,32.5,31.905598,20800
2/28/2018,32.584999,32.783001,32.34,32.369999,31.777973,35400
3/1/2018,32.490002,32.720001,31.98,32.110001,31.522732,16900
3/2/2018,31.690001,32.119999,31.559999,32.119999,31.532547,30700
3/5/2018,31.9,32.360001,31.780001,32.220001,31.63072,15600
3/6/2018,32.459999,32.459999,32.150002,32.349998,31.758339,18300
3/7/2018,32.400002,32.540001,32.25,32.540001,31.944868,10600
3/8/2018,32.669998,33.139999,32.669998,32.889999,32.288464,28000
3/9/2018,33.099998,33.470001,33,33.43,32.818588,25200
3/12/2018,33.509998,33.650002,33.321999,33.549999,32.93639,374900
3/13/2018,33.689999,34.119999,33.689999,33.82,33.201454,35700
3/14/2018,33.98,34,33.360001,33.360001,32.74987,27200
3/15/2018,33.43,33.459999,33.25,33.290001,32.681149,6700
3/16/2018,33.450001,33.869999,33.450001,33.650002,33.034569,21800
3/19/2018,33.549999,33.619999,33.058998,33.400002,32.789139,32000
3/20/2018,33.57,33.688999,33.463001,33.540001,32.926579,8000
3/21/2018,33.130001,33.25,32.779999,33.118999,32.513275,20600
3/22/2018,32.799999,33.060001,32.169998,32.220001,31.63072,41900
3/23/2018,32.240002,32.389999,31.721001,31.74,31.159498,14700
3/26/2018,32.119999,32.189999,31.73,32.189999,31.601267,9900
3/27/2018,32.18,32.330002,31.610001,31.67,31.090778,8900
3/28/2018,31.719999,31.792,31.33,31.540001,30.963156,11700
3/29/2018,31.77,32.349998,31.77,32.189999,31.601267,6700
4/2/2018,32.009998,32.009998,30.778999,31.02,30.452665,46100
4/3/2018,31.452999,31.870001,31.195999,31.870001,31.287121,21300
4/4/2018,31.32,32.049999,31.32,32.049999,31.463825,7100
4/5/2018,32.240002,32.5,32.139999,32.431,31.837858,7300
4/6/2018,32.330002,32.360001,31.549999,31.76,31.179131,3900
4/9/2018,31.91,31.91,31.5,31.5,30.923887,5600
4/10/2018,31.74,31.74,30.92,31.129999,30.560654,96400
4/11/2018,30.9,31.16,30.59,30.620001,30.05998,157200
4/12/2018,30.99,31.372,30.795,31.23,30.658823,37100
4/13/2018,31.370001,31.469999,30.950001,31.059999,30.491934,21100
4/16/2018,31.25,31.5,31.17,31.370001,30.796265,9000
4/17/2018,31.540001,31.58,31.191999,31.299999,30.727543,14300
4/18/2018,31.620001,32.299999,31.620001,32.02,31.434376,31200
4/19/2018,31.950001,31.950001,31.540001,31.75,31.169313,7400
4/20/2018,31.870001,31.889999,31.66,31.76,31.179131,29400
4/23/2018,31.82,31.99,31.579,31.73,31.149679,11500
4/24/2018,31.860001,31.860001,30.83,31.209999,30.639191,20900
4/25/2018,31.110001,31.278999,30.6,31.120001,30.550838,7800
4/26/2018,30.809999,30.809999,30.15,30.639999,30.079615,27600
4/27/2018,30.549999,31.02,30.549999,30.879999,30.315226,23200
4/30/2018,30.92,30.92,30.49,30.5,29.942175,32100
5/1/2018,30.459999,30.67,30.301001,30.66,30.099249,15300
5/2/2018,30.690001,30.862,30.41,30.450001,29.893091,8600
5/3/2018,30.290001,30.290001,30,30.129999,29.578941,33600
5/4/2018,30.110001,30.601,30.110001,30.42,29.863638,4600
5/7/2018,30.459999,30.459999,30.110001,30.16,29.608395,8000
5/8/2018,30.09,30.6,30.09,30.26,29.706566,13500
5/9/2018,30.34,30.34,29.870001,29.879999,29.333513,22300
5/10/2018,29.93,30.207001,29.93,30.08,29.529858,8700
5/11/2018,30.1,30.403,30.1,30.35,29.79492,10800
5/14/2018,30.389999,30.49,30.105,30.120001,29.569126,37100
5/15/2018,30,30.264,30,30.18,29.628029,8500
5/16/2018,30.139999,30.870001,30.139999,30.620001,30.05998,26800
5/17/2018,30.620001,30.85,30.51,30.52,29.961811,19200
5/18/2018,30.5,30.57,30.370001,30.370001,29.814554,13000
5/21/2018,30.67,30.99,30.5,30.84,30.275957,25000
5/22/2018,30.959999,31.08,30.4,30.4,29.844004,17800
5/23/2018,30.209999,30.209999,30.1,30.17,29.61821,18700
5/24/2018,30.120001,30.629999,30.120001,30.59,30.030531,13400
5/25/2018,30.58,31.360001,30.58,31.190001,30.619556,84400
5/29/2018,31.01,31.01,30.365,30.51,29.951994,36900
5/30/2018,30.6,30.6,30.290001,30.440001,29.883274,18900
5/31/2018,30.43,30.639999,30.209999,30.32,29.765467,20900
6/1/2018,30.360001,30.51,30.33,30.398001,29.842043,16800
6/4/2018,30.51,30.93,30.51,30.809999,30.246506,38500
6/5/2018,30.725,30.725,30.280001,30.459999,29.902906,108500
6/6/2018,30.309999,30.610001,30.200001,30.57,30.010895,72400
6/7/2018,30.599001,30.599001,30.26,30.42,29.863638,13200
6/8/2018,30.33,30.4,30.15,30.389999,29.834187,10900
6/11/2018,30.469999,31.139999,30.469999,30.83,30.26614,43300
6/12/2018,30.860001,30.860001,30.469999,30.67,30.109068,17300
6/13/2018,30.636,30.809999,30.636,30.639999,30.079615,10100
6/14/2018,30.709999,30.959999,30.67,30.690001,30.1287,21400
6/15/2018,30.42,30.82,30.417999,30.790001,30.226873,8000
6/18/2018,30.57,30.789,30.5,30.77,30.207237,9200
6/19/2018,30.469999,30.52,30.200001,30.309999,29.755651,10200
6/20/2018,30.361,30.657,30.33,30.49,29.932358,8300
6/21/2018,30.459999,30.700001,30.459999,30.545,29.986353,9900
6/22/2018,30.73,30.780001,30.190001,30.190001,29.637846,23600
6/25/2018,30.040001,30.040001,29.299999,29.52,28.980101,45800
6/26/2018,29.52,29.52,29.23,29.27,28.734671,17200
6/27/2018,29.209999,29.219999,28.799999,28.799999,28.273268,35500
6/28/2018,28.709999,28.91,28.450001,28.76,28.233999,35200
6/29/2018,28.870001,29.15,28.870001,28.893,28.364565,10200
7/2/2018,28.719999,29.205,28.67,29.200001,28.665953,65400
7/3/2018,29.034,29.254999,28.969999,28.969999,28.440157,4100
7/5/2018,29.129999,29.280001,29.02,29.280001,28.74449,31800
7/6/2018,29.34,29.558001,29.231001,29.492001,28.952612,5900
7/9/2018,29.59,29.905001,29.502001,29.809999,29.264795,8300
7/10/2018,29.77,29.795,29.410999,29.67,29.127356,16700
7/11/2018,29.24,29.246,28.790001,28.870001,28.34199,20100
7/12/2018,29.139999,29.440001,28.9,29.41,28.87211,16300
7/13/2018,29.370001,29.76,29.370001,29.76,29.21571,19600
7/16/2018,29.780001,29.780001,29.620001,29.639999,29.097902,4100
7/17/2018,29.629999,29.98,29.629999,29.860001,29.313881,27700
7/18/2018,30.209999,30.870001,30.209999,30.67,30.109068,42400
7/19/2018,30.68,30.76,30.48,30.725,30.163061,2900
7/20/2018,30.610001,30.759001,30.540001,30.540001,29.981443,5800
7/23/2018,30.389999,30.66,30.33,30.610001,30.050165,16200
7/24/2018,30.75,30.75,29.98,30.014999,29.466045,20100
7/25/2018,30.040001,30.43,30.040001,30.43,29.873457,21700
7/26/2018,30.48,31.200001,30.48,31.16,30.590105,12500
7/27/2018,31.34,31.6,31.271999,31.33,30.756996,10600
7/30/2018,31.32,31.469999,31.09,31.09,30.521385,18000
7/31/2018,31.26,31.459999,31.26,31.33,30.756996,6800
8/1/2018,31.26,31.33,30.75,30.77,30.207237,8700
8/2/2018,30.5,30.790001,30.41,30.790001,30.226873,5800
8/3/2018,30.809999,31.02,30.809999,31.02,30.452665,5700
8/6/2018,30.959999,31.09,30.905001,31.059999,30.491934,18900
8/7/2018,31.18,31.441999,31.18,31.26,30.688276,6300
8/8/2018,31.370001,31.601999,31.25,31.48,30.904251,13500
8/9/2018,31.49,31.610001,31.291,31.327,30.754049,4200
8/10/2018,30.719999,30.82,30.540001,30.775,30.212147,38600
8/13/2018,30.780001,30.780001,30.4,30.6,30.040348,11200
8/14/2018,30.700001,31.025,30.700001,30.93,30.364311,4400
8/15/2018,30.74,31.09,30.639,31.09,30.521385,9200
8/16/2018,31.26,31.35,31.198,31.198,30.627409,4000
8/17/2018,31.07,31.299999,31.07,31.16,30.590105,7100
8/20/2018,31.27,32.099998,31.27,32.07,31.483461,63100
8/21/2018,32.119999,32.450001,32.119999,32.25,31.660172,19400
8/22/2018,32.139999,32.139999,31.799999,31.799999,31.218399,21400
8/23/2018,31.780001,31.959999,31.73,31.74,31.159498,43800
8/24/2018,31.76,31.92,31.674999,31.84,31.257668,9400
8/27/2018,31.93,32.189999,31.93,32.080002,31.49328,24100
8/28/2018,32.18,32.560001,32.18,32.5,31.905598,14100
8/29/2018,32.52,32.639999,32.400002,32.560001,31.964502,23800
8/30/2018,32.400002,32.439999,32.23,32.244999,31.65526,14100
8/31/2018,32.289001,32.439999,32.289001,32.439999,31.846691,12000
9/4/2018,32.369999,32.610001,32.369999,32.509998,31.915413,6600
9/5/2018,32.580002,32.814999,32.09,32.25,31.660172,28000
9/6/2018,32.240002,32.240002,31.790001,31.91,31.326387,35600
9/7/2018,31.780001,32.275002,31.780001,31.98,31.395107,4700
9/10/2018,32.07,32.259998,32.07,32.249001,31.659187,85900
9/11/2018,32.299999,32.419998,32.250999,32.419998,31.827059,5200
9/12/2018,32.439999,32.439999,32.049999,32.080002,31.49328,8800
9/13/2018,32.18,32.493,32.150002,32.380001,31.787794,38400
9/14/2018,32.380001,32.509998,32.259998,32.444,31.850622,8600
9/17/2018,32.490002,32.859001,32.490002,32.73,32.13139,9200
9/18/2018,32.509998,32.860001,32.470001,32.77,32.170658,9300
9/19/2018,33,33.082001,32.91,32.959999,32.357185,6900
9/20/2018,33.049999,33.139999,32.77,32.860001,32.25901,63500
9/21/2018,32.959999,33.423,32.84,33.299999,32.690964,14800
9/24/2018,33.25,33.25,32.369999,32.504002,31.909527,41800
9/25/2018,32.509998,32.509998,32.009998,32.209999,31.620899,16700
9/26/2018,32.299999,32.650002,32.299999,32.459999,31.866329,11000
9/27/2018,32.509998,32.950001,32.509998,32.66,32.062672,40100
9/28/2018,32.681,32.841999,32.483002,32.580002,31.984135,33400
10/1/2018,32.610001,32.610001,31.9,31.950001,31.365658,32200
10/2/2018,31.82,31.82,31.440001,31.450001,30.874802,12300
10/3/2018,31.57,31.747,31.469999,31.530001,30.953339,7100
10/4/2018,31.43,31.440001,31.049999,31.209999,30.639191,8800
10/5/2018,31.33,31.33,30.754,30.83,30.26614,23700
10/8/2018,30.73,30.74,30.48,30.65,30.089432,14200
10/9/2018,30.67,30.67,30,30,29.451321,86600
10/10/2018,29.9,29.950001,29,29,28.46961,43400
10/11/2018,29.26,29.525999,28.780001,28.99,28.459793,31300
10/12/2018,29.450001,29.52,29.011999,29.229,28.694422,14900
10/15/2018,29.16,29.690001,29.16,29.469999,28.931013,19300
10/16/2018,29.66,30.33,29.66,30.290001,29.736017,13600
10/17/2018,30.780001,31.024,30.4,30.629999,30.069798,14100
10/18/2018,30.51,30.52,29.75,29.75,29.205893,19900
10/19/2018,29.75,29.9,29.67,29.780001,29.235346,23200
10/22/2018,29.809999,30,29.780001,29.950001,29.402235,8500
10/23/2018,29.450001,29.700001,28.92,29.67,29.127356,31000
10/24/2018,29.709999,29.76,28.33,28.35,27.831497,24400
10/25/2018,28.360001,29.167,28.360001,29.030001,28.499062,28300
10/26/2018,28.639999,28.952999,28.309999,28.860001,28.33217,13800
10/29/2018,29.25,29.49,28.362,28.665001,28.140738,11400
10/30/2018,28.58,29.5,28.58,29.493999,28.954575,13000
10/31/2018,29.780001,30.096001,29.48,29.48,28.940832,24400
11/1/2018,29.790001,30.41,29.790001,30.35,29.79492,9100
11/2/2018,30.690001,31.09,30.559999,30.629999,30.069798,6700
11/5/2018,30.66,30.753,30.450001,30.663,30.102196,8400
11/6/2018,30.67,30.809999,30.5,30.620001,30.05998,4000
11/7/2018,30.940001,31.444,30.74,31.35,30.77663,219300
11/8/2018,31.309999,31.378,31.084,31.214001,30.643118,4700
11/9/2018,31.27,31.459,31.030001,31.190001,30.619556,13300
11/12/2018,31.18,31.200001,30.809999,30.879999,30.315226,17300
11/13/2018,31.030001,31.6,31.030001,31.370001,30.796265,52700
11/14/2018,31.610001,31.719999,31.106001,31.33,30.756996,30300
11/15/2018,30.98,31.27,30.604,31.18,30.609739,12500
11/16/2018,31.15,31.15,30.66,30.959999,30.393763,12800
11/19/2018,30.940001,30.959999,30.58,30.74,30.177786,9900
11/20/2018,30.08,30.636,30.065001,30.26,29.706566,14200
11/21/2018,30.549999,31.216,30.549999,30.846001,30.281849,38900
11/23/2018,31.01,31.440001,30.973,31.4,30.825714,38800
11/26/2018,31.68,31.690001,31.186001,31.283001,30.710857,30000
11/27/2018,31.299999,31.75,31.299999,31.629999,31.051508,23300
11/28/2018,31.77,32.169998,31.540001,32.169998,31.581631,31400
11/29/2018,32.09,32.330002,32.060001,32.212002,31.622868,22000
11/30/2018,32.16,32.950001,32.16,32.93,32.327732,69100
12/3/2018,33.240002,33.240002,32.641998,32.759998,32.160839,52800
12/4/2018,32.509998,32.509998,31.07,31.25,30.678459,45300
12/6/2018,30.950001,31.464001,30.77,31.464001,30.888546,30000
12/7/2018,31.27,31.27,29.83,29.92,29.372784,40800
12/10/2018,29.85,30.040001,29.26,29.83,29.28443,13900
12/11/2018,30.139999,30.139999,29.740999,29.834999,29.289337,11600
12/12/2018,30.031,30.33,30,30.129999,29.578941,223200
12/13/2018,30.15,30.15,29.35,29.389999,28.852476,37400
12/14/2018,29.059999,29.562,29.059999,29.188999,28.655153,22700
12/17/2018,29.09,29.184,28.559999,28.67,28.145645,45200
12/18/2018,28.959999,29.421,28.959999,29.334,28.797501,16100
12/19/2018,29.52,29.59,28.620001,28.778,28.251669,49500
12/20/2018,28.59,28.695,27.865,28.139999,27.625338,41100
12/21/2018,28.184,28.249001,27.51,27.51,27.006863,19700
12/24/2018,27.35,27.51,26.790001,26.851,26.359913,26800
12/26/2018,26.99,28.15,26.85,28.07,27.556618,186500
12/27/2018,27.77,28.040001,27.17,28.01,27.497717,28900
12/28/2018,28.101,28.129,27.780001,27.84,27.502655,88900
12/31/2018,27.959999,28.08,27.726999,27.879999,27.54217,41100
1/2/2019,27.530001,28.08,27.209999,28.049999,27.71011,137700
1/3/2019,27.639999,27.639999,26.459999,26.83,26.504894,49200
1/4/2019,27.313999,28.09,27.049999,27.99,27.650837,24800
1/7/2019,28.030001,28.450001,27.76,28.299999,27.957081,25100
1/8/2019,28.559999,28.559999,28.1,28.32,27.976839,12400
1/9/2019,28.32,28.891001,28.32,28.85,28.500418,26900
1/10/2019,28.059999,28.731001,27.57,28.719999,28.371992,18300
1/11/2019,28.58,28.73,28.48,28.709999,28.362112,11000
1/14/2019,28.23,28.705999,28.17,28.620001,28.273205,13900
1/15/2019,28.52,28.879999,28.52,28.700001,28.352236,13900
1/16/2019,29.209999,29.48,29.1,29.1,28.747389,211500
1/17/2019,29.296,29.653,29.254,29.5,29.14254,8700
1/18/2019,29.549999,29.76,29.51,29.6,29.241329,9000
1/22/2019,29.559999,29.690001,29.08,29.09,28.737509,49000
1/23/2019,29.424,29.424,28.940001,29.1,28.747389,11300
1/24/2019,29.84,30,29.57,29.84,29.47842,61100
1/25/2019,29.950001,30.200001,29.870001,30.040001,29.675999,38300
1/28/2019,29.83,30.461,29.83,30.33,29.962482,20500
1/29/2019,30.5,30.6,30.351,30.51,30.140303,37400
1/30/2019,30.59,31.07,30.450001,30.91,30.535456,42100
1/31/2019,30.860001,30.955,30.594999,30.74,30.367516,35800
2/1/2019,30.83,31.15,30.82,30.945,30.57003,18300
2/4/2019,30.959999,31.290001,30.959999,31.290001,30.910852,13600
2/5/2019,31.35,31.468,31.34,31.389999,31.009638,17800
2/6/2019,31.24,31.4,31.23,31.360001,30.980003,15300
2/7/2019,31.139999,31.4,31.049999,31.190001,30.812063,16300
2/8/2019,31.040001,31.110001,30.82,31.1,30.723154,10500
2/11/2019,31.200001,31.389999,31.200001,31.309999,30.930609,4300
2/12/2019,31.41,31.57,31.139999,31.139999,30.762669,8100
2/13/2019,31.24,31.360001,31.24,31.299999,30.920729,3700
2/14/2019,31.120001,31.34,31.025,31.280001,30.900972,5900
2/15/2019,31.5,31.59,31.32,31.35,30.970123,10300
2/19/2019,31.110001,31.665001,31.110001,31.51,31.128185,12900
2/20/2019,31.27,31.27,30.969999,30.99,30.614485,39000
2/21/2019,30.959999,31.15,30.860001,30.959999,30.584848,330500
2/22/2019,31.08,31.200001,31.033001,31.200001,30.821941,26800
2/25/2019,31.299999,31.509001,31.299999,31.33,30.950365,9300
2/26/2019,31.299999,31.57,31.290001,31.309999,30.930609,7200
2/27/2019,31.059999,31.07,30.690001,30.83,30.456425,19800
2/28/2019,30.790001,30.98,30.629999,30.84,30.466303,18600
3/1/2019,30.959999,30.969999,30.41,30.6,30.229212,31900
3/4/2019,30.629999,30.629999,29.875,30.059999,29.695755,62100
3/5/2019,30.139999,30.33,30.059999,30.07,29.705633,93800
3/6/2019,30.09,30.1,29.73,29.73,29.369753,34500
3/7/2019,29.6,29.604,29.17,29.290001,28.935085,21900
3/8/2019,29.040001,29.124001,28.950001,29.07,28.717751,23200
3/11/2019,28.91,29.290001,28.91,29.280001,28.925207,17900
3/12/2019,29.215,29.261,28.711,28.83,28.480659,30800
3/13/2019,28.969999,29.305,28.889999,29.305,28.949903,24000
3/14/2019,29.389999,29.6,29.275999,29.370001,29.014116,9200
3/15/2019,29.4,29.459,29.25,29.309999,28.954842,19000
3/18/2019,29.304001,29.304001,29.158001,29.208,28.854078,6600
3/19/2019,29.389999,29.561001,29.275999,29.33,28.9746,28100
3/20/2019,29.25,29.27,28.740999,28.889999,28.539932,21500
3/21/2019,28.76,29.139,28.76,29.087999,28.735533,11200
3/22/2019,29.07,29.07,28.327999,28.360001,28.016356,35300
3/25/2019,28.4,28.459999,28.200001,28.200001,27.858294,11800
3/26/2019,28.389999,28.509001,28.15,28.27,27.927444,24300
3/27/2019,28.440001,28.75,28.35,28.66,28.312719,15100
3/28/2019,28.700001,28.75,28.450001,28.65,28.302839,17600
3/29/2019,28.799999,29.184999,28.74,29.184999,28.831358,109800
4/1/2019,29.35,29.705999,29.285,29.59,29.231451,13800
4/2/2019,29.870001,30.209999,29.74,30.01,29.64636,87400
4/3/2019,30.200001,30.629999,30.200001,30.41,30.041513,59400
4/4/2019,30.41,30.6,30.221001,30.559999,30.189695,26000
4/5/2019,30.6,30.829,30.6,30.75,30.377394,13500
4/8/2019,30.549999,30.559,30.370001,30.559,30.188709,9900
4/9/2019,30.360001,30.360001,30.174999,30.247,29.880489,37200
4/10/2019,30.690001,30.700001,30.24,30.639999,30.268726,9000
4/11/2019,30.780001,31.138,30.74,30.99,30.614485,12600
4/12/2019,31.049999,31.172001,30.85,30.93,30.555214,20400
4/15/2019,31,31,30.646999,30.68,30.308243,8000
4/16/2019,30.709999,30.870001,30.709999,30.870001,30.495941,28200
4/17/2019,31.209999,31.493999,31.166,31.266001,30.887142,31100
4/18/2019,31.280001,31.280001,30.959999,31.200001,30.821941,10600
4/22/2019,30.969999,30.988001,30.781,30.790001,30.41691,8800
4/23/2019,30.68,31.149,30.68,31.049999,30.673758,10600
4/24/2019,31.200001,31.25,30.959999,31.049999,30.673758,13000
4/25/2019,30.84,31.114,30.594,30.700001,30.328001,34100
4/26/2019,30.450001,30.934999,30.370001,30.837999,30.464327,36100
4/29/2019,30.9,31.212,30.879999,31.139999,30.762669,20900
4/30/2019,31.200001,31.469999,31.139999,31.32,30.940487,120500
5/1/2019,31.4,31.450001,31.120001,31.120001,30.742912,15800
5/2/2019,31.129999,31.42,30.99,31.040001,30.663881,21700
5/3/2019,31.33,31.424999,31.16,31.360001,30.980003,44100
5/6/2019,30.780001,31.110001,30.780001,31.09,30.713274,10400
5/7/2019,30.77,30.781,30.237,30.57,30.199575,13600
5/8/2019,30.351,30.555,30.25,30.379999,30.011877,9700
5/9/2019,30.110001,30.33,29.85,30.280001,29.91309,15900
5/10/2019,30.08,30.440001,29.662001,30.440001,30.071152,7600
5/13/2019,29.82,29.82,29.292999,29.440001,29.083269,9800
5/14/2019,29.434,29.855,29.434,29.719999,29.359875,5100
5/15/2019,29.370001,29.76,29.181999,29.705999,29.346045,2700
5/16/2019,29.752001,30.106001,29.719999,29.82,29.458662,9100
5/17/2019,29.620001,29.691,29.559999,29.559999,29.201813,3400
5/20/2019,29.27,29.481001,29.235001,29.341999,28.986454,11100
5/21/2019,29.389999,29.74,29.389999,29.690001,29.330238,7500
5/22/2019,29.559999,29.559999,29.1,29.132999,28.779987,6200
5/23/2019,28.940001,28.965,28.65,28.85,28.500418,12500
5/24/2019,29.07,29.190001,28.73,28.82,28.470779,8900
5/28/2019,28.9,28.9,28.6,28.6,28.253447,46200
5/29/2019,28.52,28.52,28.232,28.409,28.06476,7400
5/30/2019,28.370001,28.639,28.26,28.370001,28.026234,21200
5/31/2019,28.15,28.190001,27.799999,27.870001,27.532293,25000
6/3/2019,27.799999,28.219999,27.799999,27.948,27.609346,13600
6/4/2019,28.26,29.07,28.26,29.07,28.717751,267600
6/5/2019,29.219999,29.469999,29.17,29.469999,29.112904,7700
6/6/2019,29.57,29.57,29.225,29.440001,29.083269,7800
6/7/2019,29.540001,29.870001,29.51,29.610001,29.251209,28000
6/10/2019,29.75,29.913,29.591,29.591,29.232437,5600
6/11/2019,29.700001,29.700001,29.546,29.620001,29.261087,10000
6/12/2019,29.66,29.83,29.620001,29.74,29.379633,298300
6/13/2019,29.84,30.740999,29.84,30.57,30.199575,18800
6/14/2019,30.51,30.59,30.209999,30.313,29.945688,6000
6/17/2019,30.059999,30.184,29.98,29.99,29.626602,3900
6/18/2019,30.01,30.440001,30.01,30.25,29.883453,8800
6/19/2019,30.33,30.5,30.299999,30.41,30.041513,8800
6/20/2019,30.5,30.59,30.045,30.15,29.784664,7200
6/21/2019,30.040001,30.334,29.879999,29.92,29.557451,10400
6/24/2019,29.870001,29.959999,29.77,29.870001,29.508059,16400
6/25/2019,29.790001,29.888,29.5,29.540001,29.182056,9700
6/26/2019,29.48,29.775,29.48,29.620001,29.261087,11700
6/27/2019,29.690001,30.011999,29.68,29.889999,29.527815,2800
6/28/2019,30.049999,30.290001,30.049999,30.23,29.863695,6400
7/1/2019,30.43,30.6,30.299999,30.469999,30.100786,9300
7/2/2019,30.559999,30.757999,30.299999,30.440001,30.071152,16400
7/3/2019,30.629999,30.975,30.6,30.816999,30.443583,10000
7/5/2019,30.73,31.028999,30.646,30.959999,30.584848,39700
7/8/2019,30.83,31.1,30.83,31.049999,30.673758,8900
7/9/2019,30.91,30.92,30.625999,30.709999,30.337877,3700
7/10/2019,30.860001,31.120001,30.740999,30.889999,30.515697,58800
7/11/2019,31.129999,31.129999,30.871,30.92,30.545334,465600
7/12/2019,31.030001,31.370001,31,31.309999,30.930609,15800
7/15/2019,31.379999,31.405001,31.27,31.299999,30.920729,14000
7/16/2019,31.32,31.969999,31.32,31.92,31.533216,23700
7/17/2019,31.9,31.9,31.42,31.469999,31.088669,21200
7/18/2019,31.440001,31.66,31.4,31.629999,31.246731,95900
7/19/2019,31.74,31.74,31.319,31.319,30.939499,8200
7/22/2019,31.290001,31.540001,31.290001,31.35,30.970123,5200
7/23/2019,31.440001,31.93,31.440001,31.91,31.523338,35400
7/24/2019,31.9,32.359001,31.870001,32.299999,31.908611,10000
7/25/2019,31.790001,31.796,31.280001,31.280001,30.900972,18100
7/26/2019,31.35,31.379,31.16,31.16,30.782425,8000
7/29/2019,31,31.1,30.906,31,30.624365,9500
7/30/2019,30.719999,30.916,30.610001,30.878,30.503843,11200
7/31/2019,30.969999,31,30.450001,30.469999,30.100786,17100
8/1/2019,30.59,30.761999,30.059999,30.17,29.804422,16300
8/2/2019,30.200001,30.200001,29.84,30,29.636482,9100
8/5/2019,29.75,29.75,28.85,29.08,28.727631,33100
8/6/2019,29.379999,29.441999,29.15,29.41,29.053631,18800
8/7/2019,29.190001,29.622999,28.98,29.58,29.221571,44600
8/8/2019,29.83,30.110001,29.815001,30.049999,29.685875,4500
8/9/2019,29.860001,29.860001,29.35,29.540001,29.182056,19300
8/12/2019,29.01,29.07,28.709999,28.77,28.421387,19400
8/13/2019,28.65,29.179001,28.59,28.83,28.480659,18100
8/14/2019,28.370001,28.42,27.809999,27.91,27.571808,45700
8/15/2019,28.059999,28.059999,27.610001,27.639999,27.305079,33200
8/16/2019,27.76,28.257999,27.76,28.209999,27.868172,54800
8/19/2019,28.530001,28.67,28.43,28.48,28.134899,22300
8/20/2019,28.35,28.35,28.16,28.219999,27.87805,31100
8/21/2019,28.4,28.57,28.4,28.51,28.164537,4400
8/22/2019,28.723,28.723,28.4,28.57,28.22381,4800
8/23/2019,28.530001,28.68,27.860001,27.870001,27.532293,24700
8/26/2019,28.139999,28.139999,27.895,27.959999,27.621201,38400
8/27/2019,28.188,28.188,27.620001,27.790001,27.453262,18200
8/28/2019,27.690001,28.160999,27.549999,28.059999,27.71999,20600
8/29/2019,28.299999,28.719999,28.299999,28.709999,28.362112,10300
8/30/2019,28.84,28.969,28.625,28.719999,28.371992,8900
9/3/2019,28.42,28.5,28.120001,28.360001,28.016356,9400
9/4/2019,28.469999,28.679001,28.384001,28.559999,28.21393,49600
9/5/2019,28.91,29.34,28.91,29.120001,28.767145,65000
9/6/2019,29.200001,29.330999,29.120001,29.120001,28.767145,3700
9/9/2019,29.16,29.42,28.969999,29.41,29.053631,7200
9/10/2019,29.42,29.66,29.42,29.66,29.300602,10400
9/11/2019,29.639,30.190001,29.629999,30.190001,29.824181,14600
9/12/2019,30.23,30.457001,30.115,30.309999,29.942724,15100
9/13/2019,30.5,30.719999,30.5,30.620001,30.24897,4900
9/16/2019,29.780001,30.118,29.780001,29.879999,29.517935,22800
9/17/2019,29.75,30.194,29.75,30.08,29.715513,6300
9/18/2019,30.08,30.200001,29.9,30.17,29.804422,22400
9/19/2019,30.184,30.195,29.905001,29.940001,29.577209,5200
9/20/2019,29.940001,30.040001,29.77,29.77,29.409269,14300
9/23/2019,29.68,29.715,29.431,29.593,29.234415,91600
9/24/2019,29.700001,29.878,29.34,29.464001,29.106977,27700
9/25/2019,29.559999,29.799,29.459999,29.66,29.300602,16400
9/26/2019,29.59,29.59,29.437,29.549999,29.191935,6600
9/27/2019,29.66,29.771999,29.332001,29.332001,28.976578,7600
9/30/2019,29.5,29.539,29.290001,29.35,28.994358,4700
10/1/2019,29.639999,29.780001,29.059999,29.200001,28.846176,11000
10/2/2019,28.961,29.02,27.9,28.35,28.006475,31200
10/3/2019,28.23,28.23,27.690001,28.09,27.749626,25000
10/4/2019,28.18,28.43,28.099001,28.43,28.085506,19800
10/7/2019,28.51,28.76,28.48,28.551001,28.20504,29600
10/8/2019,28.27,28.700001,28.27,28.43,28.085506,7000
10/9/2019,28.5,28.938999,28.5,28.77,28.421387,17800
10/10/2019,28.440001,28.98,28.440001,28.940001,28.589327,17600
10/11/2019,29.563,29.700001,29.299999,29.360001,29.004238,33000
10/14/2019,29.219999,29.447001,29.219999,29.415001,29.058571,10400
10/15/2019,29.593,29.941999,29.593,29.860001,29.498178,9700
10/16/2019,29.879999,30.030001,29.82,29.82,29.458662,6800
10/17/2019,30.040001,30.073999,29.9,29.9,29.537693,10900
10/18/2019,30.061001,30.15,29.927999,29.927999,29.565353,3000
10/21/2019,30.110001,30.35,30.110001,30.250999,29.884439,5700
10/22/2019,30.209999,30.305,30.200001,30.25,29.883453,5400
10/23/2019,30.120001,30.280001,30.120001,30.243,29.876537,7200
10/24/2019,30.546,30.891001,30.290001,30.43,30.061272,14400
10/25/2019,30.549999,31.09,30.549999,31.09,30.713274,7600
10/28/2019,31.18,31.427999,31.139999,31.32,30.940487,10400
10/29/2019,31.24,31.389999,31.150999,31.26,30.881214,15800
10/30/2019,31.219999,31.219999,30.950001,31.172001,30.794281,7800
10/31/2019,31.02,31.030001,30.931999,31,30.624365,4900
11/1/2019,31.16,31.309999,31.139999,31.290001,30.910852,15900
11/4/2019,31.459999,31.66,31.459999,31.643,31.259573,5700
11/5/2019,31.75,32.019001,31.75,31.82,31.434429,9800
11/6/2019,31.93,31.93,31.73,31.9,31.513458,15400
11/7/2019,32.049999,32.314999,32.029999,32.049999,31.66164,19900
11/8/2019,32.02,32.040001,31.767,32.040001,31.651764,5600
11/11/2019,31.950001,32.119999,31.950001,32.09,31.701157,4400
11/12/2019,32.110001,32.110001,31.709999,31.74,31.355398,7700
11/13/2019,31.65,31.688,31.51,31.66,31.276367,9400
11/14/2019,31.6,31.655001,31.48,31.645,31.261549,10200
11/15/2019,31.74,31.93,31.74,31.844,31.458138,4700
11/18/2019,31.82,31.82,31.629999,31.726,31.341568,4000
11/19/2019,31.83,32,31.83,31.965,31.577671,2600
11/20/2019,31.799999,31.82,31.280001,31.409,31.02841,9200
11/21/2019,31.459999,31.530001,31.25,31.280001,30.900972,5100
11/22/2019,31.360001,31.57,31.360001,31.559999,31.177578,8500
11/25/2019,31.700001,31.996,31.639999,31.889999,31.50358,9700
11/26/2019,31.9,32.029999,31.82,32.029999,31.641882,6300
11/27/2019,32.02,32.110001,31.940001,31.993999,31.606319,4400
11/29/2019,31.91,32.110001,31.91,31.92,31.533216,5400
12/2/2019,31.940001,32.07,31.559999,31.562,31.179556,7600
12/3/2019,31.41,31.41,30.82,31.093,30.716238,16600
12/4/2019,31.33,31.605,31.33,31.360001,30.980003,4500
12/5/2019,31.379999,31.41,31.246,31.253,30.8743,4300
12/6/2019,31.690001,31.690001,31.565001,31.565001,31.18252,2300
12/9/2019,31.559999,31.57,31.43,31.440001,31.059034,8300
12/10/2019,31.34,31.461,31.134001,31.134001,30.756742,9900
12/11/2019,31.25,31.25,31.01,31.1,30.723154,26800
12/12/2019,31.18,31.750999,31.18,31.459999,31.078791,12700
12/13/2019,31.58,31.754999,31.48,31.540001,31.157822,7000
12/16/2019,31.639999,32.119999,31.639999,31.889999,31.50358,24900
12/17/2019,31.870001,32.150002,31.83,32.094002,31.705111,4200
12/18/2019,32.080002,32.150002,31.879999,31.91,31.523338,4500
12/19/2019,31.940001,32.150002,31.940001,32.150002,31.760431,4700
12/20/2019,32.290001,32.32,32.16,32.268002,31.877001,8600
12/23/2019,32,32.290001,32,32.073002,32.073002,8500
12/24/2019,32.025002,32.025002,31.950001,32.014999,32.014999,1000
12/26/2019,32.040001,32.09,31.93,32.049999,32.049999,16500
12/27/2019,32.049999,32.049999,31.549999,31.614,31.614,9900
12/30/2019,31.66,31.66,31.360001,31.43,31.43,35400
12/31/2019,31.370001,31.559,31.370001,31.502001,31.502001,2900
1/2/2020,31.860001,31.955,31.66,31.851,31.851,9200
1/3/2020,31.18,31.316999,30.9,31.17,31.17,32000
1/6/2020,30.780001,31.059999,30.780001,31.040001,31.040001,26700
1/7/2020,31.01,31.160999,30.900999,30.943001,30.943001,42000
1/8/2020,30.889999,31.444,30.889999,31.275,31.275,25400
1/9/2020,31.459999,31.615,31.304001,31.427,31.427,16600
1/10/2020,31.389999,31.41,31.299,31.358999,31.358999,3000
1/13/2020,31.370001,31.450001,31.32,31.41,31.41,3500
1/14/2020,31.59,31.999001,31.59,31.665001,31.665001,28300
1/15/2020,31.639999,31.879999,31.639999,31.740999,31.740999,19700
1/16/2020,31.91,32.200001,31.91,32.200001,32.200001,15000
1/17/2020,32.23,32.356998,32.119999,32.25,32.25,29600
1/21/2020,31.68,31.927999,30.940001,31.233999,31.233999,38900
1/22/2020,31.49,31.540001,31.139999,31.209999,31.209999,96500
1/23/2020,31.07,31.85,30.575001,31.85,31.85,35200
1/24/2020,31.84,31.84,30.799999,31.281,31.281,73100
1/27/2020,30.24,30.42,29.950001,30.25,30.25,186700
1/28/2020,30.41,30.785999,30.389999,30.66,30.66,27600
1/29/2020,30.67,30.839001,30.33,30.381001,30.381001,71000
1/30/2020,30,30.606001,29.973,30.598,30.598,25200
1/31/2020,30.17,30.17,29.77,29.84,29.84,43200
2/3/2020,29.99,30.433001,29.860001,30.048,30.048,51700
2/4/2020,30.5,30.950001,30.5,30.9,30.9,103200
2/5/2020,31.23,31.58,31.18,31.507,31.507,33200
2/6/2020,31.639999,31.799999,31.09,31.16,31.16,10700
2/7/2020,30.940001,30.969999,30.75,30.809999,30.809999,23000
2/10/2020,30.77,30.870001,30.6,30.84,30.84,45500
2/11/2020,31.01,31.57,31.01,31.48,31.48,13800
2/12/2020,31.610001,31.98,31.6,31.92,31.92,27100
2/13/2020,31.6,31.74,31.559999,31.68,31.68,15800
2/14/2020,31.719999,31.790001,31.299999,31.334,31.334,19900
2/18/2020,31.209999,31.35,30.940001,31.1,31.1,17700
2/19/2020,31.190001,31.190001,30.84,30.84,30.84,15600
2/20/2020,30.75,31.07,30.75,30.82,30.82,4500
2/21/2020,30.610001,30.638,30.041,30.441999,30.441999,22100
2/24/2020,29.16,29.299999,28.4,28.65,28.65,111400
2/25/2020,28.690001,28.988001,26.9,26.9,26.9,120500
2/26/2020,27.120001,27.25,25.870001,25.959999,25.959999,163000
2/27/2020,25.059999,25.951,24.139999,24.65,24.65,337200
2/28/2020,24.1,24.440001,23.597,23.9,23.9,398800
3/2/2020,23.82,23.83,22.68,23.75,23.75,439000
3/3/2020,24.459999,24.75,23.129999,23.24,23.24,561700
3/4/2020,23.639999,23.870001,22.82,23.809999,23.809999,402900
3/5/2020,23.08,23.08,21.6,21.66,21.66,1093500
3/6/2020,21.09,22.469999,20.77,21.93,21.93,2370100
3/9/2020,21,21.780001,20.200001,20.440001,20.440001,2032100
3/10/2020,21.379999,21.790001,20.059999,21.700001,21.700001,1578200
3/11/2020,21.08,21.08,19.870001,20.18,20.18,1099800
3/12/2020,18.24,19.610001,16.76,16.790001,16.790001,1848200
3/13/2020,19.870001,19.879999,16.690001,18.209999,18.209999,1955000
3/16/2020,16.26,16.76,15.25,16.219999,16.219999,2540900
3/17/2020,16.639999,17.285999,15.281,15.98,15.98,2049700
3/18/2020,14.91,14.95,11.67,12.76,12.76,3329900
3/19/2020,12.68,12.83,11.25,12.16,12.16,2956700
3/20/2020,12.87,14.07,12.32,12.49,12.49,2439500
3/23/2020,12.84,12.98,12.1,12.58,12.58,2416800
3/24/2020,14.34,15.54,14,14.97,14.97,3442600
3/25/2020,16.9,17.24,15.151,16.32,16.32,5416800
3/26/2020,16.98,18.049999,16.4,16.82,16.82,3943000
3/27/2020,16.51,16.549999,15.41,15.55,15.55,2307000
3/30/2020,15,15.15,14.01,14.6,14.6,1872600
3/31/2020,14.96,15.37,14.57,14.73,14.73,1057900
4/1/2020,14.09,14.12,13.07,13.1,13.1,2160600
4/2/2020,13.3,13.34,12.61,12.66,12.66,1725300
4/3/2020,12.96,12.96,11.95,12.3,12.3,2806000
4/6/2020,12.85,13.1,12.359,12.81,12.81,3125200
4/7/2020,14.29,14.88,13.28,13.41,13.41,3991400
4/8/2020,14.07,14.36,13.75,14.26,14.26,2791800
4/9/2020,15.41,15.91,14.72,15.3,15.3,5727300
4/13/2020,15.82,15.84,14.16,14.56,14.56,2955800
4/14/2020,15.15,15.5,14.95,15.01,15.01,3309400
4/15/2020,15.32,15.34,14.37,14.79,14.79,4200700
4/16/2020,14.56,14.56,13.73,13.81,13.81,3070700
4/17/2020,14.76,14.76,14.25,14.35,14.35,3145100
4/20/2020,14.07,14.22,13.65,13.99,13.99,2185400
4/21/2020,13.75,13.98,13.55,13.73,13.73,2187000
4/22/2020,13.95,13.99,13.13,13.4,13.4,2615600
4/23/2020,13.54,13.785,13.4,13.4,13.4,1646000
4/24/2020,13.55,13.6,13.06,13.36,13.36,1438100
4/27/2020,13.61,13.75,13.33,13.41,13.41,2460500
4/28/2020,13.74,14.65,13.64,14.43,14.43,4933600
4/29/2020,15.01,15.854,15,15.63,15.63,6854900
4/30/2020,15.43,15.565,14.75,15.19,15.19,6074700
5/1/2020,14.6,14.75,13.9,14.09,14.09,3464700
5/4/2020,13,13.54,12.66,13.48,13.48,5295600
5/5/2020,13.85,13.91,13.06,13.11,13.11,3756400
5/6/2020,13.22,13.26,12.6,12.71,12.71,3898700
5/7/2020,12.74,13.12,12.67,12.8,12.8,4188200
5/8/2020,13.09,13.64,13.07,13.64,13.64,4136400
5/11/2020,13.38,13.51,13.02,13.25,13.25,2703500
5/12/2020,13.28,13.43,12.67,12.68,12.68,3375900
5/13/2020,12.71,12.71,11.91,12.15,12.15,4442500
5/14/2020,11.83,12.19,11.27,12.15,12.15,3832500
5/15/2020,11.96,12.265,11.8,12,12,2006600
5/18/2020,12.84,13.4,12.72,13.39,13.39,6371400
5/19/2020,13.81,13.85,13.104,13.21,13.21,4051700
5/20/2020,13.55,13.82,13.469,13.69,13.69,4402100
5/21/2020,13.82,14.18,13.76,13.92,13.92,4055800
5/22/2020,14.04,14.09,13.51,13.7,13.7,2985300
5/26/2020,14.78,15.44,14.76,15.31,15.31,7031800
5/27/2020,16.59,16.6,15.12,15.99,15.99,12641900
5/28/2020,16.01,16.02,15.24,15.34,15.34,6555700
